Date,Fund Name,Fund Ticker Symbol, Security Description,Security Ticker,Shares,Mkt Value,Weight %
2026-06-25T00:00:00,WisdomTree Global Efficient Core UCITS ETF - USD Acc,NTSG LN,US Treasury Bill (BVFCF46),,0,,0.0695151
2026-06-25T00:00:00,WisdomTree Global Efficient Core UCITS ETF - USD Acc,NTSG LN,Nvidia Corp,NVDA UQ,17295,3385323.3,0.049573
2026-06-25T00:00:00,WisdomTree Global Efficient Core UCITS ETF - USD Acc,NTSG LN,Apple Inc,AAPL UQ,10452,2875867.8,0.0421128
2026-06-25T00:00:00,WisdomTree Global Efficient Core UCITS ETF - USD Acc,NTSG LN,Google Inc,GOOGL UQ,8105,2785769.55,0.0407934
2026-06-25T00:00:00,WisdomTree Global Efficient Core UCITS ETF - USD Acc,NTSG LN,Microsoft Corp,MSFT US,5445,1921159.35,0.0281325
2026-06-25T00:00:00,WisdomTree Global Efficient Core UCITS ETF - USD Acc,NTSG LN,Amazon.com Inc,AMZN UQ,7796,1769769.96,0.0259156
2026-06-25T00:00:00,WisdomTree Global Efficient Core UCITS ETF - USD Acc,NTSG LN,Broadcom Inc,AVGO US,3654,1384537.14,0.0202745
2026-06-25T00:00:00,WisdomTree Global Efficient Core UCITS ETF - USD Acc,NTSG LN,Micron Technology Inc,MU UQ,897,1088563.32,0.0159404
2026-06-25T00:00:00,WisdomTree Global Efficient Core UCITS ETF - USD Acc,NTSG LN,CASH W-O,,0,,0.0143681
2026-06-25T00:00:00,WisdomTree Global Efficient Core UCITS ETF - USD Acc,NTSG LN,Meta Platforms, Inc. Cl A,FB UQ,868049.13,0.0127113
2026-06-25T00:00:00,WisdomTree Global Efficient Core UCITS ETF - USD Acc,NTSG LN,Tesla Inc,TSLA UQ,2300,862776,0.0126341
2026-06-25T00:00:00,WisdomTree Global Efficient Core UCITS ETF - USD Acc,NTSG LN,GERMAN 0% 16/09/26,,0,,0.0125885
2026-06-25T00:00:00,WisdomTree Global Efficient Core UCITS ETF - USD Acc,NTSG LN,Eli Lilly & Co,LLY UN,726,818702.94,0.0119887
2026-06-25T00:00:00,WisdomTree Global Efficient Core UCITS ETF - USD Acc,NTSG LN,JPMorgan Chase & Co,JPM UN,2291,767759.92,0.0112427
2026-06-25T00:00:00,WisdomTree Global Efficient Core UCITS ETF - USD Acc,NTSG LN,Berkshire Hathaway Inc,BRK/B UN,1536,749276.16,0.010972
2026-06-25T00:00:00,WisdomTree Global Efficient Core UCITS ETF - USD Acc,NTSG LN,Advanced Micro Devices,AMD US,1331,708850.67,0.0103801
2026-06-25T00:00:00,WisdomTree Global Efficient Core UCITS ETF - USD Acc,NTSG LN,Walmart Inc,WMT US,5659,655199.02,0.0095944
2026-06-25T00:00:00,WisdomTree Global Efficient Core UCITS ETF - USD Acc,NTSG LN,ASML Holding NV,ASMLO MT,279,505951.25,0.0074089
2026-06-25T00:00:00,WisdomTree Global Efficient Core UCITS ETF - USD Acc,NTSG LN,Intel Corp,INTC UQ,3542,470625.54,0.0068916
2026-06-25T00:00:00,WisdomTree Global Efficient Core UCITS ETF - USD Acc,NTSG LN,Applied Materials Inc,AMAT UQ,702,468936,0.0068669
2026-06-25T00:00:00,WisdomTree Global Efficient Core UCITS ETF - USD Acc,NTSG LN,Caterpillar Inc,CAT UN,429,453457.29,0.0066402
2026-06-25T00:00:00,WisdomTree Global Efficient Core UCITS ETF - USD Acc,NTSG LN,LAM RESEARCH CORP,US5128073062,1095,439992.9,0.006443
2026-06-25T00:00:00,WisdomTree Global Efficient Core UCITS ETF - USD Acc,NTSG LN,Visa Inc,V UN,1198,395962.96,0.0057983
2026-06-25T00:00:00,WisdomTree Global Efficient Core UCITS ETF - USD Acc,NTSG LN,Exxon Mobil Corp,XOM UN,2806,385965.3,0.0056519
2026-06-25T00:00:00,WisdomTree Global Efficient Core UCITS ETF - USD Acc,NTSG LN,Johnson & Johnson,JNJ UN,1547,378829.36,0.0055474
2026-06-25T00:00:00,WisdomTree Global Efficient Core UCITS ETF - USD Acc,NTSG LN,Mastercard Inc,MA UN,753,368156.76,0.0053911
2026-06-25T00:00:00,WisdomTree Global Efficient Core UCITS ETF - USD Acc,NTSG LN,Cisco Systems Inc,CSCO UQ,3040,361668.8,0.0052961
2026-06-25T00:00:00,WisdomTree Global Efficient Core UCITS ETF - USD Acc,NTSG LN,Sandisk Corp-W/I,SNDK US,151,352585,0.0051631
2026-06-25T00:00:00,WisdomTree Global Efficient Core UCITS ETF - USD Acc,NTSG LN,AbbVie Inc,ABBV UN,1447,351823.58,0.0051519
2026-06-25T00:00:00,WisdomTree Global Efficient Core UCITS ETF - USD Acc,NTSG LN,Oracle Corp,ORCL UN,2145,327026.7,0.0047888
2026-06-25T00:00:00,WisdomTree Global Efficient Core UCITS ETF - USD Acc,NTSG LN,Costco Wholesale Corp,COST UQ,345,325072.8,0.0047602
2026-06-25T00:00:00,WisdomTree Global Efficient Core UCITS ETF - USD Acc,NTSG LN,General Electric Co,GE US,854,317141.44,0.0046441
2026-06-25T00:00:00,WisdomTree Global Efficient Core UCITS ETF - USD Acc,NTSG LN,Bank of America Corp,BAC UN,5355,311607.45,0.004563
2026-06-25T00:00:00,WisdomTree Global Efficient Core UCITS ETF - USD Acc,NTSG LN,Royal Bank of Canada,RY CT,1519,309216.11,0.004528
2026-06-25T00:00:00,WisdomTree Global Efficient Core UCITS ETF - USD Acc,NTSG LN,KLA Corp,KLAC US,1170,302796,0.004434
2026-06-25T00:00:00,WisdomTree Global Efficient Core UCITS ETF - USD Acc,NTSG LN,UnitedHealth Group Inc,UNH UN,725,301259.25,0.0044115
2026-06-25T00:00:00,WisdomTree Global Efficient Core UCITS ETF - USD Acc,NTSG LN,GE Vernova Inc,GEV US,273,296333.31,0.0043394
2026-06-25T00:00:00,WisdomTree Global Efficient Core UCITS ETF - USD Acc,NTSG LN,ABB Ltd-Reg,ABBN SW,2730,292345.62,0.004281
2026-06-25T00:00:00,WisdomTree Global Efficient Core UCITS ETF - USD Acc,NTSG LN,Seagate Technology Holdings,STX US,264,270695.04,0.0039639
2026-06-25T00:00:00,WisdomTree Global Efficient Core UCITS ETF - USD Acc,NTSG LN,Home Depot Inc,HD UN,780,269100,0.0039406
2026-06-25T00:00:00,WisdomTree Global Efficient Core UCITS ETF - USD Acc,NTSG LN,Corning Inc,GLW UN,1165,265631.65,0.0038898
2026-06-25T00:00:00,WisdomTree Global Efficient Core UCITS ETF - USD Acc,NTSG LN,Merck & Co Inc/NJ,MRK UN,2059,258301.55,0.0037824
2026-06-25T00:00:00,WisdomTree Global Efficient Core UCITS ETF - USD Acc,NTSG LN,Morgan Stanley,MS UN,1160,256406.4,0.0037547
2026-06-25T00:00:00,WisdomTree Global Efficient Core UCITS ETF - USD Acc,NTSG LN,HSBC Holdings PLC,HSBA LN,13289,253650.2,0.0037143
2026-06-25T00:00:00,WisdomTree Global Efficient Core UCITS ETF - USD Acc,NTSG LN,NetFlix Inc,NFLX UQ,3555,252049.5,0.0036909
2026-06-25T00:00:00,WisdomTree Global Efficient Core UCITS ETF - USD Acc,NTSG LN,Murata Manufacturing Co Ltd,6981 JT,3420,250148.41,0.003663
2026-06-25T00:00:00,WisdomTree Global Efficient Core UCITS ETF - USD Acc,NTSG LN,Marvell Technology Inc,MRVL US,887,249477.62,0.0036532
2026-06-25T00:00:00,WisdomTree Global Efficient Core UCITS ETF - USD Acc,NTSG LN,Goldman Sachs Group Inc,GS US,234,249231.06,0.0036496
2026-06-25T00:00:00,WisdomTree Global Efficient Core UCITS ETF - USD Acc,NTSG LN,Roche Holding Ag,ROP SW,601,248841.43,0.0036439
2026-06-25T00:00:00,WisdomTree Global Efficient Core UCITS ETF - USD Acc,NTSG LN,Novartis AG,NOVN SW,1584,246456.57,0.003609
2026-06-25T00:00:00,WisdomTree Global Efficient Core UCITS ETF - USD Acc,NTSG LN,Astrazeneca Plc,AZN LN,1326,246232.55,0.0036057
2026-06-25T00:00:00,WisdomTree Global Efficient Core UCITS ETF - USD Acc,NTSG LN,Arista Networks Inc,ANET US,1454,240564.3,0.0035227
2026-06-25T00:00:00,WisdomTree Global Efficient Core UCITS ETF - USD Acc,NTSG LN,LVMH Moet Hennessy Louis Vuitton SE,MC FP,421,236797.28,0.0034675
2026-06-25T00:00:00,WisdomTree Global Efficient Core UCITS ETF - USD Acc,NTSG LN,Texas Instruments Inc,TXN UQ,741,231051.21,0.0033834
2026-06-25T00:00:00,WisdomTree Global Efficient Core UCITS ETF - USD Acc,NTSG LN,Siemens Ag-Reg,SIE GR,741,229636.79,0.0033627
2026-06-25T00:00:00,WisdomTree Global Efficient Core UCITS ETF - USD Acc,NTSG LN,Toyota Motor Corp,7203 JT,13708,228975.37,0.003353
2026-06-25T00:00:00,WisdomTree Global Efficient Core UCITS ETF - USD Acc,NTSG LN,Procter & Gamble Co/The,PG US,1526,226611,0.0033184
2026-06-25T00:00:00,WisdomTree Global Efficient Core UCITS ETF - USD Acc,NTSG LN,US LONG BOND(CBT) Sep26,USU6,108,223369.6,0.0032709
2026-06-25T00:00:00,WisdomTree Global Efficient Core UCITS ETF - USD Acc,NTSG LN,L'Oreal SA,OR FP,505,222886.26,0.0032638
2026-06-25T00:00:00,WisdomTree Global Efficient Core UCITS ETF - USD Acc,NTSG LN,Linde Plc,LIN US,424,221446.72,0.0032428
2026-06-25T00:00:00,WisdomTree Global Efficient Core UCITS ETF - USD Acc,NTSG LN,UniCredit SpA,UCG IM,2465,219272.56,0.0032109
2026-06-25T00:00:00,WisdomTree Global Efficient Core UCITS ETF - USD Acc,NTSG LN,Citigroup Inc,C UN,1512,219209.76,0.00321
2026-06-25T00:00:00,WisdomTree Global Efficient Core UCITS ETF - USD Acc,NTSG LN,Nestle SA,NESN SW,2092,215732.13,0.0031591
2026-06-25T00:00:00,WisdomTree Global Efficient Core UCITS ETF - USD Acc,NTSG LN,Mitsubishi UFJ Financial Group,8306 JT,10777,215513.3,0.0031559
2026-06-25T00:00:00,WisdomTree Global Efficient Core UCITS ETF - USD Acc,NTSG LN,Coca-Cola Co/The,KO UN,2675,215123.5,0.0031502
2026-06-25T00:00:00,WisdomTree Global Efficient Core UCITS ETF - USD Acc,NTSG LN,Analog Devices Inc,ADI US,507,211890.51,0.0031028
2026-06-25T00:00:00,WisdomTree Global Efficient Core UCITS ETF - USD Acc,NTSG LN,Shell Plc-New,SHEL LN,5382,207921.14,0.0030447
2026-06-25T00:00:00,WisdomTree Global Efficient Core UCITS ETF - USD Acc,NTSG LN,Qualcomm Inc,QCOM UQ,1014,207768.6,0.0030425
2026-06-25T00:00:00,WisdomTree Global Efficient Core UCITS ETF - USD Acc,NTSG LN,US LONG BOND(CBT) Sep26,,0,,0.0029567
2026-06-25T00:00:00,WisdomTree Global Efficient Core UCITS ETF - USD Acc,NTSG LN,Wells Fargo & Co,WFC UN,2371,200918.54,0.0029422
2026-06-25T00:00:00,WisdomTree Global Efficient Core UCITS ETF - USD Acc,NTSG LN,Amphenol Corp,APH UN,1209,199666.35,0.0029238
2026-06-25T00:00:00,WisdomTree Global Efficient Core UCITS ETF - USD Acc,NTSG LN,American Express Co,AXP UN,582,199311.72,0.0029186
2026-06-25T00:00:00,WisdomTree Global Efficient Core UCITS ETF - USD Acc,NTSG LN,Schneider Electric SA,SU FP,624,198454.18,0.0029061
2026-06-25T00:00:00,WisdomTree Global Efficient Core UCITS ETF - USD Acc,NTSG LN,Quanta Services Inc,PWR US,273,196175.07,0.0028727
2026-06-25T00:00:00,WisdomTree Global Efficient Core UCITS ETF - USD Acc,NTSG LN,Industria de Diseno Textil,ITX SM,3042,195603.9,0.0028643
2026-06-25T00:00:00,WisdomTree Global Efficient Core UCITS ETF - USD Acc,NTSG LN,Palantir Technologies Inc-A,PLTR US,1821,195338.67,0.0028604
2026-06-25T00:00:00,WisdomTree Global Efficient Core UCITS ETF - USD Acc,NTSG LN,Lloyds Banking Group PLC,LLOY LN,134004,194743.36,0.0028517
2026-06-25T00:00:00,WisdomTree Global Efficient Core UCITS ETF - USD Acc,NTSG LN,Anheuser-Busch InBev NV,ABI BB,2262,189866.09,0.0027803
2026-06-25T00:00:00,WisdomTree Global Efficient Core UCITS ETF - USD Acc,NTSG LN,Western Digital Corp,WDC UQ,278,187758.42,0.0027494
2026-06-25T00:00:00,WisdomTree Global Efficient Core UCITS ETF - USD Acc,NTSG LN,Kioxia Holdings Corp,285A JP,290,186283.76,0.0027278
2026-06-25T00:00:00,WisdomTree Global Efficient Core UCITS ETF - USD Acc,NTSG LN,Palo Alto Networks Inc,PANW US,624,182888.16,0.0026781
2026-06-25T00:00:00,WisdomTree Global Efficient Core UCITS ETF - USD Acc,NTSG LN,International Business Machines Corp,IBM UN,702,181305.54,0.0026549
2026-06-25T00:00:00,WisdomTree Global Efficient Core UCITS ETF - USD Acc,NTSG LN,BHP Group Ltd,BHP AU,4483,181216.11,0.0026536
2026-06-25T00:00:00,WisdomTree Global Efficient Core UCITS ETF - USD Acc,NTSG LN,EURO INCOME A/C,,0,,0.0026354
2026-06-25T00:00:00,WisdomTree Global Efficient Core UCITS ETF - USD Acc,NTSG LN,Banco Santander Sa,SAN SM,13220,179216.55,0.0026244
2026-06-25T00:00:00,WisdomTree Global Efficient Core UCITS ETF - USD Acc,NTSG LN,Amgen Inc,AMGN UQ,506,178526.92,0.0026143
2026-06-25T00:00:00,WisdomTree Global Efficient Core UCITS ETF - USD Acc,NTSG LN,Vertiv Holdings Co,VRT US,546,177761.22,0.002603
2026-06-25T00:00:00,WisdomTree Global Efficient Core UCITS ETF - USD Acc,NTSG LN,Allianz SE,ALV GY,382,176921.5,0.0025907
2026-06-25T00:00:00,WisdomTree Global Efficient Core UCITS ETF - USD Acc,NTSG LN,Freeport-McMoRan Inc,FCX UN,2808,176342.4,0.0025823
2026-06-25T00:00:00,WisdomTree Global Efficient Core UCITS ETF - USD Acc,NTSG LN,Crowdstrike Holdings Inc - A,CRWD US,256,173734.4,0.0025441
2026-06-25T00:00:00,WisdomTree Global Efficient Core UCITS ETF - USD Acc,NTSG LN,Deere & Co,DE UN,273,172197.48,0.0025216
2026-06-25T00:00:00,WisdomTree Global Efficient Core UCITS ETF - USD Acc,NTSG LN,Uber Technologies Inc,UBER US,2356,170221,0.0024926
2026-06-25T00:00:00,WisdomTree Global Efficient Core UCITS ETF - USD Acc,NTSG LN,T-Mobile US Inc,TMUS UN,932,169223.24,0.002478
2026-06-25T00:00:00,WisdomTree Global Efficient Core UCITS ETF - USD Acc,NTSG LN,Fast Retailing Co Ltd,9983 JT,324,168944.12,0.0024739
2026-06-25T00:00:00,WisdomTree Global Efficient Core UCITS ETF - USD Acc,NTSG LN,Delta Air Lines Inc,DAL UN,1794,165245.34,0.0024198
2026-06-25T00:00:00,WisdomTree Global Efficient Core UCITS ETF - USD Acc,NTSG LN,Walt Disney Co/The,DIS UN,1677,164429.85,0.0024078
2026-06-25T00:00:00,WisdomTree Global Efficient Core UCITS ETF - USD Acc,NTSG LN,Eaton Corp,ETN,390,163749.3,0.0023979
2026-06-25T00:00:00,WisdomTree Global Efficient Core UCITS ETF - USD Acc,NTSG LN,Novo Nordisk A/S-B,NOVOB DC,3403,163490.69,0.0023941
2026-06-25T00:00:00,WisdomTree Global Efficient Core UCITS ETF - USD Acc,NTSG LN,DBS Group Holdings Ltd,DBS SP,3187,162533.16,0.0023801
2026-06-25T00:00:00,WisdomTree Global Efficient Core UCITS ETF - USD Acc,NTSG LN,Mizuho Financial Group Inc,8411 JT,3391,162030.5,0.0023727
2026-06-25T00:00:00,WisdomTree Global Efficient Core UCITS ETF - USD Acc,NTSG LN,BP PLC,BP/ LN,25428,161464.36,0.0023644
2026-06-25T00:00:00,WisdomTree Global Efficient Core UCITS ETF - USD Acc,NTSG LN,Veolia Environment,VIE FP,3900,160394.35,0.0023487
2026-06-25T00:00:00,WisdomTree Global Efficient Core UCITS ETF - USD Acc,NTSG LN,Commonwealth Bank of Australia,CBA AU,1412,158688.7,0.0023238
2026-06-25T00:00:00,WisdomTree Global Efficient Core UCITS ETF - USD Acc,NTSG LN,Rolls-Royce Holdings PLC,RR/ LN,8372,158316.83,0.0023183
2026-06-25T00:00:00,WisdomTree Global Efficient Core UCITS ETF - USD Acc,NTSG LN,Marathon Petroleum Corp,MPC UN,624,158221.44,0.0023169
2026-06-25T00:00:00,WisdomTree Global Efficient Core UCITS ETF - USD Acc,NTSG LN,Thermo Fisher Scientific Inc,TMO UN,312,157794,0.0023107
2026-06-25T00:00:00,WisdomTree Global Efficient Core UCITS ETF - USD Acc,NTSG LN,Shopify Inc - Class A,SHOP CN,1400,156128.43,0.0022863
2026-06-25T00:00:00,WisdomTree Global Efficient Core UCITS ETF - USD Acc,NTSG LN,Macquarie Group Ltd,MQG AU,902,155758.92,0.0022809
2026-06-25T00:00:00,WisdomTree Global Efficient Core UCITS ETF - USD Acc,NTSG LN,Bank of Montreal,BMO CT,891,155492.82,0.002277
2026-06-25T00:00:00,WisdomTree Global Efficient Core UCITS ETF - USD Acc,NTSG LN,Sumitomo Mitsui Financial Group,8316 JT,3941,154549,0.0022631
2026-06-25T00:00:00,WisdomTree Global Efficient Core UCITS ETF - USD Acc,NTSG LN,Parker Hannifin Corp,PH UN,156,154425.96,0.0022613
2026-06-25T00:00:00,WisdomTree Global Efficient Core UCITS ETF - USD Acc,NTSG LN,Sap AG,SAP GY,1025,154253.21,0.0022588
2026-06-25T00:00:00,WisdomTree Global Efficient Core UCITS ETF - USD Acc,NTSG LN,TDK Corp,6762 JT,6363,153810.85,0.0022523
2026-06-25T00:00:00,WisdomTree Global Efficient Core UCITS ETF - USD Acc,NTSG LN,Capital One Financial Corp,COF UN,747,153060.3,0.0022413
2026-06-25T00:00:00,WisdomTree Global Efficient Core UCITS ETF - USD Acc,NTSG LN,Verizon Communications Inc,VZ UN,3320,152952.4,0.0022398
2026-06-25T00:00:00,WisdomTree Global Efficient Core UCITS ETF - USD Acc,NTSG LN,PepsiCo Inc/NC,PEP UQ,1092,152355.84,0.002231
2026-06-25T00:00:00,WisdomTree Global Efficient Core UCITS ETF - USD Acc,NTSG LN,UBS Group AG,UBSG SW,3014,151851.15,0.0022236
2026-06-25T00:00:00,WisdomTree Global Efficient Core UCITS ETF - USD Acc,NTSG LN,Charles Schwab Corp/The,SCHW UN,1677,149990.88,0.0021964
2026-06-25T00:00:00,WisdomTree Global Efficient Core UCITS ETF - USD Acc,NTSG LN,Sandvik AB,SAND SS,3665,149603.53,0.0021907
2026-06-25T00:00:00,WisdomTree Global Efficient Core UCITS ETF - USD Acc,NTSG LN,DNB Bank ASA,DNB NO,5031,149490.1,0.0021891
2026-06-25T00:00:00,WisdomTree Global Efficient Core UCITS ETF - USD Acc,NTSG LN,TJX Cos Inc,TJX UN,963,149447.97,0.0021884
2026-06-25T00:00:00,WisdomTree Global Efficient Core UCITS ETF - USD Acc,NTSG LN,Royal Caribbean Cruises Ltd,RCL US,463,149386.95,0.0021875
2026-06-25T00:00:00,WisdomTree Global Efficient Core UCITS ETF - USD Acc,NTSG LN,Cummins Inc,CMI UN,205,149155.95,0.0021842
2026-06-25T00:00:00,WisdomTree Global Efficient Core UCITS ETF - USD Acc,NTSG LN,Atmos Energy Corp,ATO UN,858,149008.86,0.002182
2026-06-25T00:00:00,WisdomTree Global Efficient Core UCITS ETF - USD Acc,NTSG LN,Barrick Mining Corp,ABX.CN,4018,147363.69,0.0021579
2026-06-25T00:00:00,WisdomTree Global Efficient Core UCITS ETF - USD Acc,NTSG LN,Anglo American Plc,AAL LN,3008,147051.38,0.0021533
2026-06-25T00:00:00,WisdomTree Global Efficient Core UCITS ETF - USD Acc,NTSG LN,Agnico-Eagle Mines Ltd,AEM CT,939,146832.03,0.0021501
2026-06-25T00:00:00,WisdomTree Global Efficient Core UCITS ETF - USD Acc,NTSG LN,Weyerhaeuser Co,WY UN,5646,145440.96,0.0021298
2026-06-25T00:00:00,WisdomTree Global Efficient Core UCITS ETF - USD Acc,NTSG LN,Tokyo Electron Ltd,8035 JT,312,145395.41,0.0021291
2026-06-25T00:00:00,WisdomTree Global Efficient Core UCITS ETF - USD Acc,NTSG LN,Gilead Sciences Inc,GILD UQ,1170,144892.8,0.0021217
2026-06-25T00:00:00,WisdomTree Global Efficient Core UCITS ETF - USD Acc,NTSG LN,Hermes International,RMS FP,78,143179.13,0.0020966
2026-06-25T00:00:00,WisdomTree Global Efficient Core UCITS ETF - USD Acc,NTSG LN,Keppel Corp Ltd,KEP SP,16487,142914.73,0.0020928
2026-06-25T00:00:00,WisdomTree Global Efficient Core UCITS ETF - USD Acc,NTSG LN,Abbott Laboratories,ABT UN,1522,141911.28,0.0020781
2026-06-25T00:00:00,WisdomTree Global Efficient Core UCITS ETF - USD Acc,NTSG LN,Atlas Copco Ab-A Shs,ATCOA SS,7059,141492.63,0.0020719
2026-06-25T00:00:00,WisdomTree Global Efficient Core UCITS ETF - USD Acc,NTSG LN,Phillips 66,PSX UN,819,140671.44,0.0020599
2026-06-25T00:00:00,WisdomTree Global Efficient Core UCITS ETF - USD Acc,NTSG LN,Marsh & Mclennan Cos,MMC US,865,140328.95,0.0020549
2026-06-25T00:00:00,WisdomTree Global Efficient Core UCITS ETF - USD Acc,NTSG LN,Nextera Energy,NEE UN,1599,140232.3,0.0020535
2026-06-25T00:00:00,WisdomTree Global Efficient Core UCITS ETF - USD Acc,NTSG LN,ING Groep NV,INGA NA,4480,139880.57,0.0020483
2026-06-25T00:00:00,WisdomTree Global Efficient Core UCITS ETF - USD Acc,NTSG LN,priceline.com Inc,PCLN UQ,790,139869.5,0.0020482
2026-06-25T00:00:00,WisdomTree Global Efficient Core UCITS ETF - USD Acc,NTSG LN,Power Corporation of Canada,POW CT,2305,139408.83,0.0020414
2026-06-25T00:00:00,WisdomTree Global Efficient Core UCITS ETF - USD Acc,NTSG LN,Sumitomo Corp,8053 JT,3673,139268.18,0.0020394
2026-06-25T00:00:00,WisdomTree Global Efficient Core UCITS ETF - USD Acc,NTSG LN,GSK Plc,GSK LN,5302,138875.87,0.0020336
2026-06-25T00:00:00,WisdomTree Global Efficient Core UCITS ETF - USD Acc,NTSG LN,CVS Health Corp,CVS US,1326,138779.16,0.0020322
2026-06-25T00:00:00,WisdomTree Global Efficient Core UCITS ETF - USD Acc,NTSG LN,Robinhood Markets Inc - A,HOOD US,1483,138616.01,0.0020298
2026-06-25T00:00:00,WisdomTree Global Efficient Core UCITS ETF - USD Acc,NTSG LN,Synchrony Financial,SYF UN,1755,137802.6,0.0020179
2026-06-25T00:00:00,WisdomTree Global Efficient Core UCITS ETF - USD Acc,NTSG LN,BNP Paribas,BNP FP,1176,137803.64,0.0020179
2026-06-25T00:00:00,WisdomTree Global Efficient Core UCITS ETF - USD Acc,NTSG LN,Trane Technologies Plc,TT US,273,137444.58,0.0020127
2026-06-25T00:00:00,WisdomTree Global Efficient Core UCITS ETF - USD Acc,NTSG LN,Howmet Aerospace Inc,HWM US,503,137389.42,0.0020119
2026-06-25T00:00:00,WisdomTree Global Efficient Core UCITS ETF - USD Acc,NTSG LN,EMCOR Group Inc,EME UN,159,137162.94,0.0020085
2026-06-25T00:00:00,WisdomTree Global Efficient Core UCITS ETF - USD Acc,NTSG LN,Vertex Pharmaceuticals Inc,VRTX UQ,285,136851.3,0.002004
2026-06-25T00:00:00,WisdomTree Global Efficient Core UCITS ETF - USD Acc,NTSG LN,Northern Trust Corp,NTRS UQ,775,136376.75,0.001997
2026-06-25T00:00:00,WisdomTree Global Efficient Core UCITS ETF - USD Acc,NTSG LN,McDonalds Corp,MCD UN,513,135709.02,0.0019873
2026-06-25T00:00:00,WisdomTree Global Efficient Core UCITS ETF - USD Acc,NTSG LN,Realty Income Corp,O UN,2184,135495.36,0.0019841
2026-06-25T00:00:00,WisdomTree Global Efficient Core UCITS ETF - USD Acc,NTSG LN,Repsol SA,REP SM,5505,134275.96,0.0019663
2026-06-25T00:00:00,WisdomTree Global Efficient Core UCITS ETF - USD Acc,NTSG LN,BPER Banco Spa,BPE IM,8668,133798.39,0.0019593
2026-06-25T00:00:00,WisdomTree Global Efficient Core UCITS ETF - USD Acc,NTSG LN,TotalEnergies,TTE FP,1694,133498,0.0019549
2026-06-25T00:00:00,WisdomTree Global Efficient Core UCITS ETF - USD Acc,NTSG LN,Canadian Imperial Bank of Comm,CM CT,1168,133380.74,0.0019532
2026-06-25T00:00:00,WisdomTree Global Efficient Core UCITS ETF - USD Acc,NTSG LN,Canadian Pacific Kansas City,CP CN,1530,133245.4,0.0019512
2026-06-25T00:00:00,WisdomTree Global Efficient Core UCITS ETF - USD Acc,NTSG LN,Pfizer Inc,PFE UN,5622,133072.74,0.0019487
2026-06-25T00:00:00,WisdomTree Global Efficient Core UCITS ETF - USD Acc,NTSG LN,Fortinet Inc,FTNT UQ,884,132538.12,0.0019408
2026-06-25T00:00:00,WisdomTree Global Efficient Core UCITS ETF - USD Acc,NTSG LN,Honeywell International Inc,HON UN,572,132269.28,0.0019369
2026-06-25T00:00:00,WisdomTree Global Efficient Core UCITS ETF - USD Acc,NTSG LN,Dollarama Inc,DOL CT,975,131770.72,0.0019296
2026-06-25T00:00:00,WisdomTree Global Efficient Core UCITS ETF - USD Acc,NTSG LN,Deutsche Telekom AG,DTE GY,4403,131290.07,0.0019225
2026-06-25T00:00:00,WisdomTree Global Efficient Core UCITS ETF - USD Acc,NTSG LN,Wesfarmers Ltd,WES AU,2117,130834.43,0.0019159
2026-06-25T00:00:00,WisdomTree Global Efficient Core UCITS ETF - USD Acc,NTSG LN,Sony Group Corp,6758 JP,6604,130593.09,0.0019123
2026-06-25T00:00:00,WisdomTree Global Efficient Core UCITS ETF - USD Acc,NTSG LN,Bouygues SA,EN FP,2269,129430.01,0.0018953
2026-06-25T00:00:00,WisdomTree Global Efficient Core UCITS ETF - USD Acc,NTSG LN,BASF SE,BAS GY,2346,128844.67,0.0018867
2026-06-25T00:00:00,WisdomTree Global Efficient Core UCITS ETF - USD Acc,NTSG LN,Principal Financial Group Inc,PFG UQ,1219,128531.36,0.0018821
2026-06-25T00:00:00,WisdomTree Global Efficient Core UCITS ETF - USD Acc,NTSG LN,Equity Residential,EQR US,1910,128294.7,0.0018787
2026-06-25T00:00:00,WisdomTree Global Efficient Core UCITS ETF - USD Acc,NTSG LN,Fedex Corp,FDX US,389,128152.16,0.0018766
2026-06-25T00:00:00,WisdomTree Global Efficient Core UCITS ETF - USD Acc,NTSG LN,CaixaBank,CABK SM,9091,127989.12,0.0018742
2026-06-25T00:00:00,WisdomTree Global Efficient Core UCITS ETF - USD Acc,NTSG LN,Advantest Corp,6857 JT,575,127682.92,0.0018697
2026-06-25T00:00:00,WisdomTree Global Efficient Core UCITS ETF - USD Acc,NTSG LN,Nomura Holdings Inc,8604 JP,14557,127273.56,0.0018637
2026-06-25T00:00:00,WisdomTree Global Efficient Core UCITS ETF - USD Acc,NTSG LN,Equinix Inc,EQIX UQ,117,127250.37,0.0018634
2026-06-25T00:00:00,WisdomTree Global Efficient Core UCITS ETF - USD Acc,NTSG LN,Entergy Corp,ETR US,1098,126687.24,0.0018551
2026-06-25T00:00:00,WisdomTree Global Efficient Core UCITS ETF - USD Acc,NTSG LN,Ventas Inc,VTR UN,1446,126423.78,0.0018513
2026-06-25T00:00:00,WisdomTree Global Efficient Core UCITS ETF - USD Acc,NTSG LN,Intesa Sanpaolo SpA,ISP IM,18411,126302.18,0.0018495
2026-06-25T00:00:00,WisdomTree Global Efficient Core UCITS ETF - USD Acc,NTSG LN,Union Pacific Corp,UNP UN,469,125565.37,0.0018387
2026-06-25T00:00:00,WisdomTree Global Efficient Core UCITS ETF - USD Acc,NTSG LN,American IntL Group Inc,AIGZ IX,1677,125523.45,0.0018381
2026-06-25T00:00:00,WisdomTree Global Efficient Core UCITS ETF - USD Acc,NTSG LN,ProLogis Inc,PLD UN,893,125493.29,0.0018377
2026-06-25T00:00:00,WisdomTree Global Efficient Core UCITS ETF - USD Acc,NTSG LN,Mitsubishi Electric Corp,6503 JT,3387,125407.18,0.0018364
2026-06-25T00:00:00,WisdomTree Global Efficient Core UCITS ETF - USD Acc,NTSG LN,Intuitive Surgical Inc,ISRG UQ,312,124703.28,0.0018261
2026-06-25T00:00:00,WisdomTree Global Efficient Core UCITS ETF - USD Acc,NTSG LN,Extra Space Storage Inc,EXR UN,846,124522.74,0.0018234
2026-06-25T00:00:00,WisdomTree Global Efficient Core UCITS ETF - USD Acc,NTSG LN,Toyota Tsusho Corp,8015 JT,3352,124401.54,0.0018217
2026-06-25T00:00:00,WisdomTree Global Efficient Core UCITS ETF - USD Acc,NTSG LN,Loblaw Cos Ltd,L CT,2665,124010.7,0.001816
2026-06-25T00:00:00,WisdomTree Global Efficient Core UCITS ETF - USD Acc,NTSG LN,Cie de Saint-Gobain,SGO FP,1326,123339.04,0.0018061
2026-06-25T00:00:00,WisdomTree Global Efficient Core UCITS ETF - USD Acc,NTSG LN,Unilever Plc,ULVR LN,2039,123307.69,0.0018057
2026-06-25T00:00:00,WisdomTree Global Efficient Core UCITS ETF - USD Acc,NTSG LN,Hansen Natural Corp,HANS,1286,123237.38,0.0018046
2026-06-25T00:00:00,WisdomTree Global Efficient Core UCITS ETF - USD Acc,NTSG LN,Waste Connections Inc,WCN US,741,123161.61,0.0018035
2026-06-25T00:00:00,WisdomTree Global Efficient Core UCITS ETF - USD Acc,NTSG LN,Bristol-Myers Squibb Co,BMY UN,2219,122910.41,0.0017998
2026-06-25T00:00:00,WisdomTree Global Efficient Core UCITS ETF - USD Acc,NTSG LN,Travelers Cos Inc/The,TRV US,386,122859.94,0.0017991
2026-06-25T00:00:00,WisdomTree Global Efficient Core UCITS ETF - USD Acc,NTSG LN,Swiss Life Holding Ag-Reg,SLHN SW,112,122066.53,0.0017875
2026-06-25T00:00:00,WisdomTree Global Efficient Core UCITS ETF - USD Acc,NTSG LN,Danaher Corp,DHR UN,630,121722.3,0.0017824
2026-06-25T00:00:00,WisdomTree Global Efficient Core UCITS ETF - USD Acc,NTSG LN,Engie,ENGI FP,3933,121078.74,0.001773
2026-06-25T00:00:00,WisdomTree Global Efficient Core UCITS ETF - USD Acc,NTSG LN,Starbucks Corp,SBUX UQ,1170,120697.2,0.0017674
2026-06-25T00:00:00,WisdomTree Global Efficient Core UCITS ETF - USD Acc,NTSG LN,Applovin Corp-Class A,APP US,270,120401.1,0.0017631
2026-06-25T00:00:00,WisdomTree Global Efficient Core UCITS ETF - USD Acc,NTSG LN,UPM-Kymmene Oyj,UPM FH,4442,119768.62,0.0017538
2026-06-25T00:00:00,WisdomTree Global Efficient Core UCITS ETF - USD Acc,NTSG LN,US Bancorp,USB UN,1950,119359.5,0.0017478
2026-06-25T00:00:00,WisdomTree Global Efficient Core UCITS ETF - USD Acc,NTSG LN,American Tower Corp,AMT,702,118441.44,0.0017344
2026-06-25T00:00:00,WisdomTree Global Efficient Core UCITS ETF - USD Acc,NTSG LN,McKesson Corp,MCK UN,155,118390.55,0.0017337
2026-06-25T00:00:00,WisdomTree Global Efficient Core UCITS ETF - USD Acc,NTSG LN,Enbridge Inc,ENB CT,2106,118224.19,0.0017312
2026-06-25T00:00:00,WisdomTree Global Efficient Core UCITS ETF - USD Acc,NTSG LN,Progressive Corp/The,PGR UN,546,117684.84,0.0017233
2026-06-25T00:00:00,WisdomTree Global Efficient Core UCITS ETF - USD Acc,NTSG LN,Salesforce Inc,CRM UN,780,117148.2,0.0017155
2026-06-25T00:00:00,WisdomTree Global Efficient Core UCITS ETF - USD Acc,NTSG LN,Orange SA,ORA FP,6044,116927.66,0.0017122
2026-06-25T00:00:00,WisdomTree Global Efficient Core UCITS ETF - USD Acc,NTSG LN,Hitachi Ltd,6501 JT,4150,116899.22,0.0017118
2026-06-25T00:00:00,WisdomTree Global Efficient Core UCITS ETF - USD Acc,NTSG LN,Hong Kong Exchanges and Clearing Ltd,388 HK,2500,116889.36,0.0017117
2026-06-25T00:00:00,WisdomTree Global Efficient Core UCITS ETF - USD Acc,NTSG LN,American Water Works Co Inc,AWK UN,897,116610,0.0017076
2026-06-25T00:00:00,WisdomTree Global Efficient Core UCITS ETF - USD Acc,NTSG LN,Edwards Lifesciences Corp,EW UN,1287,115469.64,0.0016909
2026-06-25T00:00:00,WisdomTree Global Efficient Core UCITS ETF - USD Acc,NTSG LN,Cadence Design Systems Inc,CDNS UQ,312,114887.76,0.0016824
2026-06-25T00:00:00,WisdomTree Global Efficient Core UCITS ETF - USD Acc,NTSG LN,Transurban Group,TCL AU,10879,113998.28,0.0016693
2026-06-25T00:00:00,WisdomTree Global Efficient Core UCITS ETF - USD Acc,NTSG LN,Takeda Pharmaceutical Co Ltd,4502 JT,3631,113509.44,0.0016622
2026-06-25T00:00:00,WisdomTree Global Efficient Core UCITS ETF - USD Acc,NTSG LN,General Motors Co,GM UN,1443,113318.79,0.0016594
2026-06-25T00:00:00,WisdomTree Global Efficient Core UCITS ETF - USD Acc,NTSG LN,WR Berkley Corp,WRB UN,1633,113150.57,0.0016569
2026-06-25T00:00:00,WisdomTree Global Efficient Core UCITS ETF - USD Acc,NTSG LN,Voestalpine AG,VOE AV,2302,113084.77,0.001656
2026-06-25T00:00:00,WisdomTree Global Efficient Core UCITS ETF - USD Acc,NTSG LN,Zurich Insurance Group Ag,ZURN SW,156,113039.28,0.0016553
2026-06-25T00:00:00,WisdomTree Global Efficient Core UCITS ETF - USD Acc,NTSG LN,AT&T Inc,T UN,5020,112548.4,0.0016481
2026-06-25T00:00:00,WisdomTree Global Efficient Core UCITS ETF - USD Acc,NTSG LN,Lowe's Cos Inc,LOW UN,507,112518.51,0.0016477
2026-06-25T00:00:00,WisdomTree Global Efficient Core UCITS ETF - USD Acc,NTSG LN,Emerson Electric Co,EMR UN,770,111911.8,0.0016388
2026-06-25T00:00:00,WisdomTree Global Efficient Core UCITS ETF - USD Acc,NTSG LN,Cigna Corp,CI US,397,111902.39,0.0016386
2026-06-25T00:00:00,WisdomTree Global Efficient Core UCITS ETF - USD Acc,NTSG LN,Legrand SA,LR FP,666,111872.63,0.0016382
2026-06-25T00:00:00,WisdomTree Global Efficient Core UCITS ETF - USD Acc,NTSG LN,3M Co,MMM UN,663,111364.11,0.0016308
2026-06-25T00:00:00,WisdomTree Global Efficient Core UCITS ETF - USD Acc,NTSG LN,Inpex Corp,1605 JT,5475,111315.16,0.00163
2026-06-25T00:00:00,WisdomTree Global Efficient Core UCITS ETF - USD Acc,NTSG LN,Church & Dwight Co Inc,CHD UN,1131,111007.65,0.0016255
2026-06-25T00:00:00,WisdomTree Global Efficient Core UCITS ETF - USD Acc,NTSG LN,Stryker Corp,SYK UN,351,110954.61,0.0016248
2026-06-25T00:00:00,WisdomTree Global Efficient Core UCITS ETF - USD Acc,NTSG LN,BLACKROCK INC,US09290D1019,114,110798.88,0.0016225
2026-06-25T00:00:00,WisdomTree Global Efficient Core UCITS ETF - USD Acc,NTSG LN,E.On Se,EOAN GR,5408,110714.55,0.0016212
2026-06-25T00:00:00,WisdomTree Global Efficient Core UCITS ETF - USD Acc,NTSG LN,Medtronic Inc,MDT UN,1365,109909.8,0.0016095
2026-06-25T00:00:00,WisdomTree Global Efficient Core UCITS ETF - USD Acc,NTSG LN,Paccar Inc,PCAR UQ,897,109146.96,0.0015983
2026-06-25T00:00:00,WisdomTree Global Efficient Core UCITS ETF - USD Acc,NTSG LN,Ross Stores Inc,ROST UQ,507,109070.91,0.0015972
2026-06-25T00:00:00,WisdomTree Global Efficient Core UCITS ETF - USD Acc,NTSG LN,Kimberly-Clark Corp,KMB UN,1005,108640.5,0.0015909
2026-06-25T00:00:00,WisdomTree Global Efficient Core UCITS ETF - USD Acc,NTSG LN,NXP Semiconductors NV,NXPI US,362,108107.68,0.0015831
2026-06-25T00:00:00,WisdomTree Global Efficient Core UCITS ETF - USD Acc,NTSG LN,Comcast Corp,CMCSA UQ,4763,108072.47,0.0015826
2026-06-25T00:00:00,WisdomTree Global Efficient Core UCITS ETF - USD Acc,NTSG LN,Sanofi SA,SAN FP,1287,107997.97,0.0015815
2026-06-25T00:00:00,WisdomTree Global Efficient Core UCITS ETF - USD Acc,NTSG LN,Volvo AB,VOLVB SS,3163,107164.7,0.0015693
2026-06-25T00:00:00,WisdomTree Global Efficient Core UCITS ETF - USD Acc,NTSG LN,Holcim Ltd,HOLN SW,1138,106574.98,0.0015606
2026-06-25T00:00:00,WisdomTree Global Efficient Core UCITS ETF - USD Acc,NTSG LN,WellPoint Inc,WLP,275,106513,0.0015597
2026-06-25T00:00:00,WisdomTree Global Efficient Core UCITS ETF - USD Acc,NTSG LN,Snowflake Inc-Class A,SNOW US,469,106491.14,0.0015594
2026-06-25T00:00:00,WisdomTree Global Efficient Core UCITS ETF - USD Acc,NTSG LN,Leonardo Spa,LDO IM,2029,106471.8,0.0015591
2026-06-25T00:00:00,WisdomTree Global Efficient Core UCITS ETF - USD Acc,NTSG LN,Sysco Corp,SYY UN,1314,106236.9,0.0015557
2026-06-25T00:00:00,WisdomTree Global Efficient Core UCITS ETF - USD Acc,NTSG LN,Huntington Bancshares Inc/OH,HBAN UQ,5928,106111.2,0.0015538
2026-06-25T00:00:00,WisdomTree Global Efficient Core UCITS ETF - USD Acc,NTSG LN,McGraw-Hill Companies Inc.,MHFI,268,105897.52,0.0015507
2026-06-25T00:00:00,WisdomTree Global Efficient Core UCITS ETF - USD Acc,NTSG LN,Cintas Corp,CTAS UQ,624,105512.16,0.0015451
2026-06-25T00:00:00,WisdomTree Global Efficient Core UCITS ETF - USD Acc,NTSG LN,Mitsubishi Corp,8058 JT,3870,105325.65,0.0015423
2026-06-25T00:00:00,WisdomTree Global Efficient Core UCITS ETF - USD Acc,NTSG LN,Australia & New Zealand Banking Group Ltd,ANZ AU,4365,105107.91,0.0015391
2026-06-25T00:00:00,WisdomTree Global Efficient Core UCITS ETF - USD Acc,NTSG LN,Reckitt Benckiser Group Plc,RKT LN,1644,104793.41,0.0015345
2026-06-25T00:00:00,WisdomTree Global Efficient Core UCITS ETF - USD Acc,NTSG LN,Tokio Marine Holdings Inc,8766 JT,2458,104146.08,0.0015251
2026-06-25T00:00:00,WisdomTree Global Efficient Core UCITS ETF - USD Acc,NTSG LN,Apollo Global Management Inc,APO US,857,104134.07,0.0015249
2026-06-25T00:00:00,WisdomTree Global Efficient Core UCITS ETF - USD Acc,NTSG LN,TransDigm Group Inc,TDG UN,78,103939.68,0.001522
2026-06-25T00:00:00,WisdomTree Global Efficient Core UCITS ETF - USD Acc,NTSG LN,Mondelez International Inc.,MDLZ UQ,1677,102632.4,0.0015029
2026-06-25T00:00:00,WisdomTree Global Efficient Core UCITS ETF - USD Acc,NTSG LN,BAE Systems PLC,BA/ LN,4335,102584.55,0.0015022
2026-06-25T00:00:00,WisdomTree Global Efficient Core UCITS ETF - USD Acc,NTSG LN,Novozymes A/S,NZYMB DC,1646,102440.63,0.0015001
2026-06-25T00:00:00,WisdomTree Global Efficient Core UCITS ETF - USD Acc,NTSG LN,Bridgestone Corp,5108 JT,4822,102154.68,0.0014959
2026-06-25T00:00:00,WisdomTree Global Efficient Core UCITS ETF - USD Acc,NTSG LN,Hartford Financial Services Grp,HIG UN,780,101688.6,0.0014891
2026-06-25T00:00:00,WisdomTree Global Efficient Core UCITS ETF - USD Acc,NTSG LN,O\''Reilly Automotive Inc,ORLY US,1170,101673,0.0014888
2026-06-25T00:00:00,WisdomTree Global Efficient Core UCITS ETF - USD Acc,NTSG LN,Sherwin-Williams Co/The,SHW UN,299,101384.92,0.0014846
2026-06-25T00:00:00,WisdomTree Global Efficient Core UCITS ETF - USD Acc,NTSG LN,Nintendo Co Ltd,7974 JT,2366,100379.73,0.0014699
2026-06-25T00:00:00,WisdomTree Global Efficient Core UCITS ETF - USD Acc,NTSG LN,Keyence Corp,6861 JT,208,99542.02,0.0014576
2026-06-25T00:00:00,WisdomTree Global Efficient Core UCITS ETF - USD Acc,NTSG LN,Dover Corp,DOV UN,429,98983.17,0.0014495
2026-06-25T00:00:00,WisdomTree Global Efficient Core UCITS ETF - USD Acc,NTSG LN,STERLING POUND,,0,,0.0014478
2026-06-25T00:00:00,WisdomTree Global Efficient Core UCITS ETF - USD Acc,NTSG LN,Blackstone Inc,BX US,857,97852.26,0.0014329
2026-06-25T00:00:00,WisdomTree Global Efficient Core UCITS ETF - USD Acc,NTSG LN,Telefonica Sa,TEF SM,23400,97833.9,0.0014326
2026-06-25T00:00:00,WisdomTree Global Efficient Core UCITS ETF - USD Acc,NTSG LN,Republic Services Inc,RSG US,456,97356,0.0014256
2026-06-25T00:00:00,WisdomTree Global Efficient Core UCITS ETF - USD Acc,NTSG LN,Dow Inc,DOW US,3315,97162.65,0.0014228
2026-06-25T00:00:00,WisdomTree Global Efficient Core UCITS ETF - USD Acc,NTSG LN,Wharf Real Estate Investment,1997 HK,33752,97113.83,0.0014221
2026-06-25T00:00:00,WisdomTree Global Efficient Core UCITS ETF - USD Acc,NTSG LN,CME Group Inc,CME UQ,429,96525,0.0014135
2026-06-25T00:00:00,WisdomTree Global Efficient Core UCITS ETF - USD Acc,NTSG LN,Regeneron Pharmaceuticals Inc,REGN UQ,155,96121.7,0.0014076
2026-06-25T00:00:00,WisdomTree Global Efficient Core UCITS ETF - USD Acc,NTSG LN,London Stock Exchange Group PLC,LSE LN,897,95094.34,0.0013925
2026-06-25T00:00:00,WisdomTree Global Efficient Core UCITS ETF - USD Acc,NTSG LN,AutoZone Inc,AZO UN,31,94830.24,0.0013886
2026-06-25T00:00:00,WisdomTree Global Efficient Core UCITS ETF - USD Acc,NTSG LN,Take-Two Interactive Software,TTWO UQ,394,94055.68,0.0013773
2026-06-25T00:00:00,WisdomTree Global Efficient Core UCITS ETF - USD Acc,NTSG LN,Imperial Oil Ltd,IMO CN,827,93700.46,0.0013721
2026-06-25T00:00:00,WisdomTree Global Efficient Core UCITS ETF - USD Acc,NTSG LN,CRH PLC,G25508105,828,93605.4,0.0013707
2026-06-25T00:00:00,WisdomTree Global Efficient Core UCITS ETF - USD Acc,NTSG LN,Regions Financial Corp,RF UN,3120,93537.6,0.0013697
2026-06-25T00:00:00,WisdomTree Global Efficient Core UCITS ETF - USD Acc,NTSG LN,Westpac Banking Corp,WBC AU,3860,93480.92,0.0013689
2026-06-25T00:00:00,WisdomTree Global Efficient Core UCITS ETF - USD Acc,NTSG LN,Mitsubishi Estate Co Ltd,8802 JP,3782,93199.02,0.0013648
2026-06-25T00:00:00,WisdomTree Global Efficient Core UCITS ETF - USD Acc,NTSG LN,Deutsche Bank AG,DBK GY,2685,93105.52,0.0013634
2026-06-25T00:00:00,WisdomTree Global Efficient Core UCITS ETF - USD Acc,NTSG LN,Automatic Data Processing Inc,ADP UQ,429,92796.99,0.0013589
2026-06-25T00:00:00,WisdomTree Global Efficient Core UCITS ETF - USD Acc,NTSG LN,Recruit Holdings Co Ltd,6098 JP,1333,92675.93,0.0013571
2026-06-25T00:00:00,WisdomTree Global Efficient Core UCITS ETF - USD Acc,NTSG LN,Publicis Groupe,PUB FP,939,92490.97,0.0013544
2026-06-25T00:00:00,WisdomTree Global Efficient Core UCITS ETF - USD Acc,NTSG LN,Ingersoll-Rand Inc,IR US,1131,92402.7,0.0013531
2026-06-25T00:00:00,WisdomTree Global Efficient Core UCITS ETF - USD Acc,NTSG LN,Assicurazioni Generali SpA,G IM,1894,92373.97,0.0013527
2026-06-25T00:00:00,WisdomTree Global Efficient Core UCITS ETF - USD Acc,NTSG LN,Chugai Pharmaceutical Co Ltd,4519 JT,1978,92176.96,0.0013498
2026-06-25T00:00:00,WisdomTree Global Efficient Core UCITS ETF - USD Acc,NTSG LN,UCB SA,UCB BB,314,91664.77,0.0013423
2026-06-25T00:00:00,WisdomTree Global Efficient Core UCITS ETF - USD Acc,NTSG LN,Singapore Technologies Engineering Ltd,STE SP,11200,90947.21,0.0013318
2026-06-25T00:00:00,WisdomTree Global Efficient Core UCITS ETF - USD Acc,NTSG LN,Astellas Pharma Inc,4503 JT,6848,90942.38,0.0013317
2026-06-25T00:00:00,WisdomTree Global Efficient Core UCITS ETF - USD Acc,NTSG LN,Itochu Corp,8001 JT,8035,90155.8,0.0013202
2026-06-25T00:00:00,WisdomTree Global Efficient Core UCITS ETF - USD Acc,NTSG LN,Universal Music Group NV,UMG NA,4336,89902.75,0.0013165
2026-06-25T00:00:00,WisdomTree Global Efficient Core UCITS ETF - USD Acc,NTSG LN,Mitsui & Co Ltd,8031 JT,3258,89596.5,0.001312
2026-06-25T00:00:00,WisdomTree Global Efficient Core UCITS ETF - USD Acc,NTSG LN,Air Products & Chemicals Inc,APD UN,318,89017.74,0.0013035
2026-06-25T00:00:00,WisdomTree Global Efficient Core UCITS ETF - USD Acc,NTSG LN,Waste Management Inc,WM,398,88785.84,0.0013001
2026-06-25T00:00:00,WisdomTree Global Efficient Core UCITS ETF - USD Acc,NTSG LN,Synopsys Inc,SNPS UQ,195,88728.9,0.0012993
2026-06-25T00:00:00,WisdomTree Global Efficient Core UCITS ETF - USD Acc,NTSG LN,Brookfield Asset Mgmt-A,BAM CN,1974,88062,0.0012895
2026-06-25T00:00:00,WisdomTree Global Efficient Core UCITS ETF - USD Acc,NTSG LN,Crown Castle Corp,CCI UN,1103,87721.59,0.0012846
2026-06-25T00:00:00,WisdomTree Global Efficient Core UCITS ETF - USD Acc,NTSG LN,InterContinental Hotels Group,IHG LN,507,87533.55,0.0012818
2026-06-25T00:00:00,WisdomTree Global Efficient Core UCITS ETF - USD Acc,NTSG LN,ServiceNow Inc,NOW UN,975,87282,0.0012781
2026-06-25T00:00:00,WisdomTree Global Efficient Core UCITS ETF - USD Acc,NTSG LN,Canon Inc,7751 JT,3306,87072.1,0.001275
2026-06-25T00:00:00,WisdomTree Global Efficient Core UCITS ETF - USD Acc,NTSG LN,Relx PLC,REL LN,2776,86843.91,0.0012717
2026-06-25T00:00:00,WisdomTree Global Efficient Core UCITS ETF - USD Acc,NTSG LN,DSV A/S,DSV DC,358,86828.12,0.0012715
2026-06-25T00:00:00,WisdomTree Global Efficient Core UCITS ETF - USD Acc,NTSG LN,Muenchener Rueckver Ag-Reg,MUV2 GR,158,86370.74,0.0012648
2026-06-25T00:00:00,WisdomTree Global Efficient Core UCITS ETF - USD Acc,NTSG LN,EDP Renovaveis SA,EDPR PL,5552,86344.39,0.0012644
2026-06-25T00:00:00,WisdomTree Global Efficient Core UCITS ETF - USD Acc,NTSG LN,Mitsubishi Heavy Industries Ltd,7011 JT,3847,86091.69,0.0012607
2026-06-25T00:00:00,WisdomTree Global Efficient Core UCITS ETF - USD Acc,NTSG LN,Equinor ASA,EQNR NO,2738,85743.51,0.0012556
2026-06-25T00:00:00,WisdomTree Global Efficient Core UCITS ETF - USD Acc,NTSG LN,Amadeus IT Group SA,AMS SM,1443,85628.84,0.0012539
2026-06-25T00:00:00,WisdomTree Global Efficient Core UCITS ETF - USD Acc,NTSG LN,Galderma Group Ag,GALD SW,388,85523.33,0.0012524
2026-06-25T00:00:00,WisdomTree Global Efficient Core UCITS ETF - USD Acc,NTSG LN,Deutsche Boerse AG,DB1 GY,312,85366.18,0.0012501
2026-06-25T00:00:00,WisdomTree Global Efficient Core UCITS ETF - USD Acc,NTSG LN,National Australia Bank Ltd,NAB AU,3276,84746.05,0.001241
2026-06-25T00:00:00,WisdomTree Global Efficient Core UCITS ETF - USD Acc,NTSG LN,Packaging Corp of America,PKG US,351,84622.59,0.0012392
2026-06-25T00:00:00,WisdomTree Global Efficient Core UCITS ETF - USD Acc,NTSG LN,Constellation Energy,CEG US,312,83831.28,0.0012276
2026-06-25T00:00:00,WisdomTree Global Efficient Core UCITS ETF - USD Acc,NTSG LN,KKR & Co Inc -A,KKR US,898,83199.7,0.0012183
2026-06-25T00:00:00,WisdomTree Global Efficient Core UCITS ETF - USD Acc,NTSG LN,Danone,BN FP,1042,82957.91,0.0012148
2026-06-25T00:00:00,WisdomTree Global Efficient Core UCITS ETF - USD Acc,NTSG LN,Doordash Inc - A,DASH US,459,81201.69,0.0011891
2026-06-25T00:00:00,WisdomTree Global Efficient Core UCITS ETF - USD Acc,NTSG LN,MercadoLibre Inc,MELI,50,80962.5,0.0011856
2026-06-25T00:00:00,WisdomTree Global Efficient Core UCITS ETF - USD Acc,NTSG LN,Commerzbank AG,COM VX,1883,80612.19,0.0011804
2026-06-25T00:00:00,WisdomTree Global Efficient Core UCITS ETF - USD Acc,NTSG LN,HCA Healthcare Inc,HCA UN,205,79322.7,0.0011616
2026-06-25T00:00:00,WisdomTree Global Efficient Core UCITS ETF - USD Acc,NTSG LN,Lonza Group AG,LONN SW,117,77613.37,0.0011365
2026-06-25T00:00:00,WisdomTree Global Efficient Core UCITS ETF - USD Acc,NTSG LN,Heidelberg Materials AG,HEI GY,355,75443.42,0.0011048
2026-06-25T00:00:00,WisdomTree Global Efficient Core UCITS ETF - USD Acc,NTSG LN,Hexagon Ab-B Shs,HEXAB SS,9080,75362.16,0.0011036
2026-06-25T00:00:00,WisdomTree Global Efficient Core UCITS ETF - USD Acc,NTSG LN,AIA Group Ltd,1299 HK,8094,74532.02,0.0010914
2026-06-25T00:00:00,WisdomTree Global Efficient Core UCITS ETF - USD Acc,NTSG LN,Adidas AG,ADS GY,368,74480.04,0.0010906
2026-06-25T00:00:00,WisdomTree Global Efficient Core UCITS ETF - USD Acc,NTSG LN,Darden Restaurants Inc,DRI UN,350,74466,0.0010904
2026-06-25T00:00:00,WisdomTree Global Efficient Core UCITS ETF - USD Acc,NTSG LN,East Japan Railway Co,9020 JT,3573,73882.21,0.0010819
2026-06-25T00:00:00,WisdomTree Global Efficient Core UCITS ETF - USD Acc,NTSG LN,Garmin Ltd,GRMN US,312,73447.92,0.0010755
2026-06-25T00:00:00,WisdomTree Global Efficient Core UCITS ETF - USD Acc,NTSG LN,Agilent Technologies Inc,A UN,538,72904.38,0.0010676
2026-06-25T00:00:00,WisdomTree Global Efficient Core UCITS ETF - USD Acc,NTSG LN,Pernod-Ricard SA,RI FP,970,72833.61,0.0010665
2026-06-25T00:00:00,WisdomTree Global Efficient Core UCITS ETF - USD Acc,NTSG LN,Airbnb Inc-Class A,ABNB US,507,71933.16,0.0010534
2026-06-25T00:00:00,WisdomTree Global Efficient Core UCITS ETF - USD Acc,NTSG LN,Evolution AB,EVO SS,1051,71931.38,0.0010533
2026-06-25T00:00:00,WisdomTree Global Efficient Core UCITS ETF - USD Acc,NTSG LN,Fortum Oyj,FORTUM FH,3231,71623.17,0.0010488
2026-06-25T00:00:00,WisdomTree Global Efficient Core UCITS ETF - USD Acc,NTSG LN,KDDI Corp,9433 JT,4300,70975.12,0.0010393
2026-06-25T00:00:00,WisdomTree Global Efficient Core UCITS ETF - USD Acc,NTSG LN,Diageo PLC,DGE LN,3432,70791.83,0.0010366
2026-06-25T00:00:00,WisdomTree Global Efficient Core UCITS ETF - USD Acc,NTSG LN,Boston Scientific Corp,BSX UN,1599,70675.8,0.0010349
2026-06-25T00:00:00,WisdomTree Global Efficient Core UCITS ETF - USD Acc,NTSG LN,Heico Corp,HEI UN,205,70202.25,0.001028
2026-06-25T00:00:00,WisdomTree Global Efficient Core UCITS ETF - USD Acc,NTSG LN,Taser International Inc,TASR UQ,156,69377.88,0.0010159
2026-06-25T00:00:00,WisdomTree Global Efficient Core UCITS ETF - USD Acc,NTSG LN,Ferrari NV,RACE IM,195,69293.47,0.0010147
2026-06-25T00:00:00,WisdomTree Global Efficient Core UCITS ETF - USD Acc,NTSG LN,Adobe Inc,ADBE US,351,67886.91,0.0009941
2026-06-25T00:00:00,WisdomTree Global Efficient Core UCITS ETF - USD Acc,NTSG LN,Autodesk Inc,ADSK UQ,351,66595.23,0.0009752
2026-06-25T00:00:00,WisdomTree Global Efficient Core UCITS ETF - USD Acc,NTSG LN,Thomson Reuters Corp,TRI CN,813,65840.04,0.0009641
2026-06-25T00:00:00,WisdomTree Global Efficient Core UCITS ETF - USD Acc,NTSG LN,Rocket Lab Corp,RKLB US,811,65439.59,0.0009583
2026-06-25T00:00:00,WisdomTree Global Efficient Core UCITS ETF - USD Acc,NTSG LN,Heineken NV,HEIA NA,780,64974.13,0.0009514
2026-06-25T00:00:00,WisdomTree Global Efficient Core UCITS ETF - USD Acc,NTSG LN,Bayerische Motoren Werke Ag,BMW GR,936,64722.12,0.0009478
2026-06-25T00:00:00,WisdomTree Global Efficient Core UCITS ETF - USD Acc,NTSG LN,Kinross Gold Corp,K CN,2614,62686.85,0.000918
2026-06-25T00:00:00,WisdomTree Global Efficient Core UCITS ETF - USD Acc,NTSG LN,Siemens Healthineers Ag,SHL GR,1555,60856.22,0.0008911
2026-06-25T00:00:00,WisdomTree Global Efficient Core UCITS ETF - USD Acc,NTSG LN,Intuit Inc,INTU UQ,234,59686.38,0.000874
2026-06-25T00:00:00,WisdomTree Global Efficient Core UCITS ETF - USD Acc,NTSG LN,Mercedes-Benz AG,MBG GY,1171,59463.25,0.0008707
2026-06-25T00:00:00,WisdomTree Global Efficient Core UCITS ETF - USD Acc,NTSG LN,Accenture Plc-Cl A,ACN US,468,58883.76,0.0008623
2026-06-25T00:00:00,WisdomTree Global Efficient Core UCITS ETF - USD Acc,NTSG LN,JAPANESE YEN,,0,,0.0008323
2026-06-25T00:00:00,WisdomTree Global Efficient Core UCITS ETF - USD Acc,NTSG LN,Chubb Ltd,CB US,160,52931.2,0.0007751
2026-06-25T00:00:00,WisdomTree Global Efficient Core UCITS ETF - USD Acc,NTSG LN,Nike Inc,NKE UN,1170,47853,0.0007007
2026-06-25T00:00:00,WisdomTree Global Efficient Core UCITS ETF - USD Acc,NTSG LN,US 10YR NOTE (CBT)Sep26,TYU6,111,43619.85,0.0006387
2026-06-25T00:00:00,WisdomTree Global Efficient Core UCITS ETF - USD Acc,NTSG LN,EURO-BUND FUTURE Sep26,RXU6,23,41513.56,0.0006079
2026-06-25T00:00:00,WisdomTree Global Efficient Core UCITS ETF - USD Acc,NTSG LN,Roblox Corp -Class A,RBLX US,867,40220.13,0.000589
2026-06-25T00:00:00,WisdomTree Global Efficient Core UCITS ETF - USD Acc,NTSG LN,Zoetis Inc,ZTS US,507,39454.74,0.0005778
2026-06-25T00:00:00,WisdomTree Global Efficient Core UCITS ETF - USD Acc,NTSG LN,US 10YR NOTE (CBT)Sep26,,0,,0.0005774
2026-06-25T00:00:00,WisdomTree Global Efficient Core UCITS ETF - USD Acc,NTSG LN,EURO-BUND FUTURE Sep26,,0,,0.0005495
2026-06-25T00:00:00,WisdomTree Global Efficient Core UCITS ETF - USD Acc,NTSG LN,Tower Semiconductor Ltd,TSEM IT,124,33716.47,0.0004937
2026-06-25T00:00:00,WisdomTree Global Efficient Core UCITS ETF - USD Acc,NTSG LN,Fedex Freight Holding Co,FDXF US,194,30754.82,0.0004504
2026-06-25T00:00:00,WisdomTree Global Efficient Core UCITS ETF - USD Acc,NTSG LN,EURO-BUXL 30Y BND Sep26,UBU6,7,27076.54,0.0003965
2026-06-25T00:00:00,WisdomTree Global Efficient Core UCITS ETF - USD Acc,NTSG LN,Las Vegas Sands Corp,LVS UN,583,26981.24,0.0003951
2026-06-25T00:00:00,WisdomTree Global Efficient Core UCITS ETF - USD Acc,NTSG LN,Versant Media Group Inc,VSNT US,728,26098.8,0.0003822
2026-06-25T00:00:00,WisdomTree Global Efficient Core UCITS ETF - USD Acc,NTSG LN,Dassault Systemes SE,DSY FP,1250,25014.51,0.0003663
2026-06-25T00:00:00,WisdomTree Global Efficient Core UCITS ETF - USD Acc,NTSG LN,EURO-BUXL 30Y BND Sep26,,0,,0.0003584
2026-06-25T00:00:00,WisdomTree Global Efficient Core UCITS ETF - USD Acc,NTSG LN,LONG GILT FUTURE Sep26,G U6,13,22977.57,0.0003365
2026-06-25T00:00:00,WisdomTree Global Efficient Core UCITS ETF - USD Acc,NTSG LN,LONG GILT FUTURE Sep26,,0,,0.0003041
2026-06-25T00:00:00,WisdomTree Global Efficient Core UCITS ETF - USD Acc,NTSG LN,10YR MINI JGB FUT Sep26,BJU6,38,15308.96,0.0002242
2026-06-25T00:00:00,WisdomTree Global Efficient Core UCITS ETF - USD Acc,NTSG LN,Octave Intelligence Plc-Sdr,OCTVSDB SS,907,14659.92,0.0002147
2026-06-25T00:00:00,WisdomTree Global Efficient Core UCITS ETF - USD Acc,NTSG LN,10YR MINI JGB FUT Sep26,,0,,0.0002026
2026-06-25T00:00:00,WisdomTree Global Efficient Core UCITS ETF - USD Acc,NTSG LN,EURO-SCHATZ FUT Sep26,DUU6,7,1990.92,0.0000292
2026-06-25T00:00:00,WisdomTree Global Efficient Core UCITS ETF - USD Acc,NTSG LN,EURO-SCHATZ FUT Sep26,,0,,0.0000264
2026-06-25T00:00:00,WisdomTree Global Efficient Core UCITS ETF - USD Acc,NTSG LN,DANISH KRONE,,0,,0.0000212
2026-06-25T00:00:00,WisdomTree Global Efficient Core UCITS ETF - USD Acc,NTSG LN,NORWEGIAN KRONE,,0,,0.0000125
2026-06-25T00:00:00,WisdomTree Global Efficient Core UCITS ETF - USD Acc,NTSG LN,AUSTRALIAN DOLLAR,,0,,0.000011
2026-06-25T00:00:00,WisdomTree Global Efficient Core UCITS ETF - USD Acc,NTSG LN,SWEDISH KRONA,,0,,0.0000077
2026-06-25T00:00:00,WisdomTree Global Efficient Core UCITS ETF - USD Acc,NTSG LN,CANADIAN DOLLAR,,0,,0.0000073
2026-06-25T00:00:00,WisdomTree Global Efficient Core UCITS ETF - USD Acc,NTSG LN,SWISS FRANC,,0,,0.0000068
2026-06-25T00:00:00,WisdomTree Global Efficient Core UCITS ETF - USD Acc,NTSG LN,SINGAPORE DOLLAR,,0,,0.0000061
2026-06-25T00:00:00,WisdomTree Global Efficient Core UCITS ETF - USD Acc,NTSG LN,EURO,,0,,8e-7
2026-06-25T00:00:00,WisdomTree Global Efficient Core UCITS ETF - USD Acc,NTSG LN,HONG KONG DOLLAR,,0,,2e-7
2026-06-25T00:00:00,WisdomTree Global Efficient Core UCITS ETF - USD Acc,NTSG LN,US 2YR NOTE (CBT) Sep26,,0,,-0.0002019
2026-06-25T00:00:00,WisdomTree Global Efficient Core UCITS ETF - USD Acc,NTSG LN,US 2YR NOTE (CBT) Sep26,TUU6,59,-15249.44,-0.0002233